{
   "dashboards": [{
      "autoswitchEnabled": false,
      "columnCount": 1,
      "columnProportion": "1-1",
      "creationTime": 1588718371853,
      "dashboardNavigations": {},
      "description": "",
      "disabled": false,
      "gridsterMaxColumns": 12,
      "hidden": false,
      "homeTab": false,
      "id": "7b758545-78cd-4a6c-8262-db20f0e4e271",
      "importAttempts": 0,
      "importComplete": true,
      "lastUpdateTime": 1590535960162,
      "lastUpdateUserId": "0825d58e-aab4-4361-8c88-fad677eeff79",
      "locked": false,
      "name": "TKGI Dashboard",
      "rank": 0,
      "shared": false,
      "states": [],
      "temporary": false,
      "userId": "0825d58e-aab4-4361-8c88-fad677eeff79",
      "widgetInteractions": [
         {
            "type": "resourceId",
            "widgetIdProvider": "df289940-1b15-4e97-aace-d2a56a6a82ad",
            "widgetIdReceiver": "b671132b-6231-48cf-81ec-1d4c7d2b1bc5"
         },
         {
            "type": "resourceId",
            "widgetIdProvider": "b671132b-6231-48cf-81ec-1d4c7d2b1bc5",
            "widgetIdReceiver": "3f1d0712-1b60-48c1-ab09-0029b894da17"
         },
         {
            "type": "resourceId",
            "widgetIdProvider": "df289940-1b15-4e97-aace-d2a56a6a82ad",
            "widgetIdReceiver": "b8b3a76c-0dd1-4c9b-9d02-844e7a2a2105"
         },
         {
            "type": "resourceId",
            "widgetIdProvider": "3f1d0712-1b60-48c1-ab09-0029b894da17",
            "widgetIdReceiver": "0289b979-b49c-4138-a292-f7b6de208204"
         },
         {
            "type": "resourceId",
            "widgetIdProvider": "df289940-1b15-4e97-aace-d2a56a6a82ad",
            "widgetIdReceiver": "0289b979-b49c-4138-a292-f7b6de208204"
         },
         {
            "type": "resourceId",
            "widgetIdProvider": "b671132b-6231-48cf-81ec-1d4c7d2b1bc5",
            "widgetIdReceiver": "0289b979-b49c-4138-a292-f7b6de208204"
         },
         {
            "type": "resourceId",
            "widgetIdProvider": "3f1d0712-1b60-48c1-ab09-0029b894da17",
            "widgetIdReceiver": "5ccb6826-397a-446a-afd2-31df840a9367"
         },
         {
            "type": "resourceId",
            "widgetIdProvider": "3f1d0712-1b60-48c1-ab09-0029b894da17",
            "widgetIdReceiver": "33f5952e-15de-4d33-9f11-7dc99f3c0d74"
         },
         {
            "type": "metricId",
            "widgetIdProvider": "33f5952e-15de-4d33-9f11-7dc99f3c0d74",
            "widgetIdReceiver": "e7b77c12-43f2-41a7-a720-51816f41c6a7"
         }
      ],
      "widgets": [
         {
            "collapsed": false,
            "config": {
               "boxColumns": 4,
               "boxHeight": null,
               "customFilter": {
                  "excludedResources": null,
                  "filter": [{
                     "filterTypes": [{
                        "condition": "CONTAINS",
                        "filterType": "resourceName",
                        "resourceName": "TKGI"
                     }],
                     "resourceKind": "002009ContainerDepartment"
                  }],
                  "includedResources": null
               },
               "depth": 1,
               "labelSize": 16,
               "maxCellCount": 100,
               "metric": {
                  "mode": "resource",
                  "resourceKindMetrics": [{
                     "colorMethod": 1,
                     "id": "extModel8285-1",
                     "isStringMetric": false,
                     "link": "",
                     "metricKey": "Health|populationAverage",
                     "metricName": "Health|Average Score Of All Group Members",
                     "metricUnitId": null,
                     "orangeBound": null,
                     "redBound": null,
                     "resourceKindId": "resourceKind:id:0_::_",
                     "resourceKindName": "Department",
                     "unit": null,
                     "yellowBound": null
                  }],
                  "resourceMetrics": [{
                     "colorMethod": 0,
                     "id": "extModel3782-1",
                     "isStringMetric": false,
                     "label": "",
                     "link": "",
                     "metricKey": "Health|populationAverage",
                     "metricName": "Health|Average Score Of All Group Members",
                     "metricUnitId": "%",
                     "orangeBound": 70,
                     "redBound": 50,
                     "resourceId": "resource:id:0_::_",
                     "resourceKindId": "002009ContainerPKS Environment",
                     "resourceName": "TKGI Group-1",
                     "unit": "%",
                     "yellowBound": 90
                  }]
               },
               "mode": {"layoutMode": "fixedView"},
               "oldMetricValues": false,
               "periodLength": "last7Days",
               "refreshContent": {"refreshContent": true},
               "refreshInterval": 300,
               "relationshipMode": {"relationshipMode": 0},
               "resInteractionMode": "TKGI Individual Health Scoreboard",
               "resource": [],
               "roundDecimals": null,
               "selfProvider": {"selfProvider": true},
               "showDT": {"showDT": false},
               "showMetricName": {"showMetricName": false},
               "showMetricUnit": {"showMetricUnit": true},
               "showResourceName": {"showResourceName": true},
               "showSparkline": {"showSparkline": true},
               "title": "1. Start Here - Select Any TKGI Group",
               "valueSize": 24,
               "visualTheme": 7
            },
            "gridsterCoords": {
               "h": 4,
               "w": 5,
               "x": 1,
               "y": 1
            },
            "height": 210,
            "id": "df289940-1b15-4e97-aace-d2a56a6a82ad",
            "title": "1. Start Here - Select Any TKGI Group",
            "type": "Scoreboard"
         },
         {
            "collapsed": false,
            "config": {
               "boxColumns": 4,
               "boxHeight": 10,
               "customFilter": {
                  "excludedResources": null,
                  "filter": [{
                     "filterTypes": [{
                        "condition": "EQUALS",
                        "filterType": "relationship",
                        "relType": "CHILD",
                        "relValue": "TKGI Environment",
                        "traversalSpec": null
                     }],
                     "resourceKind": "002009ContainerPKS Environment"
                  }],
                  "includedResources": null
               },
               "depth": 1,
               "labelSize": 16,
               "maxCellCount": 100,
               "metric": {
                  "mode": "resourceKind",
                  "resourceKindMetrics": [],
                  "resourceMetrics": [],
                  "subMode": "resourceKindAll"
               },
               "mode": {"layoutMode": "fixedView"},
               "oldMetricValues": false,
               "periodLength": "last7Days",
               "refreshContent": {"refreshContent": true},
               "refreshInterval": 300,
               "relationshipMode": {"relationshipMode": -1},
               "resInteractionMode": "TKGI Individual Health Scoreboard",
               "resource": [],
               "roundDecimals": null,
               "selfProvider": {"selfProvider": false},
               "showDT": {"showDT": false},
               "showMetricName": {"showMetricName": false},
               "showMetricUnit": {"showMetricUnit": true},
               "showResourceName": {"showResourceName": true},
               "showSparkline": {"showSparkline": true},
               "title": "2. Health of TKGI Sub Groups (Select any to see details of it's components)",
               "valueSize": 24,
               "visualTheme": 7
            },
            "gridsterCoords": {
               "h": 5,
               "w": 5,
               "x": 1,
               "y": 5
            },
            "height": 267,
            "id": "b671132b-6231-48cf-81ec-1d4c7d2b1bc5",
            "title": "2. Health of TKGI Sub Groups (Select any to see details of it's components)",
            "type": "Scoreboard"
         },
         {
            "collapsed": false,
            "config": {
               "boxColumns": 10,
               "boxHeight": null,
               "customFilter": {
                  "excludedResources": null,
                  "filter": [],
                  "includedResources": null
               },
               "depth": 1,
               "labelSize": 16,
               "maxCellCount": 100,
               "metric": {
                  "mode": "resourceKind",
                  "resourceKindMetrics": [{
                     "colorMethod": 1,
                     "id": "extModel5843-1",
                     "isStringMetric": false,
                     "link": "",
                     "metricKey": "badge|health",
                     "metricName": "Badge|Health",
                     "metricUnitId": -1,
                     "orangeBound": null,
                     "redBound": null,
                     "resourceKindId": "resourceKind:id:1_::_",
                     "resourceKindName": "Virtual Machine",
                     "unit": "Auto",
                     "yellowBound": null
                  }],
                  "resourceMetrics": [],
                  "subMode": "resourceKindAll"
               },
               "mode": {"layoutMode": "fixedView"},
               "oldMetricValues": false,
               "periodLength": null,
               "refreshContent": {"refreshContent": true},
               "refreshInterval": 300,
               "relationshipMode": {"relationshipMode": -1},
               "resInteractionMode": null,
               "resource": [],
               "roundDecimals": null,
               "selfProvider": {"selfProvider": false},
               "showDT": {"showDT": false},
               "showMetricName": {"showMetricName": false},
               "showMetricUnit": {"showMetricUnit": true},
               "showResourceName": {"showResourceName": true},
               "showSparkline": {"showSparkline": true},
               "title": "3. Health of Components of the TKGI Sub-Group",
               "valueSize": 24,
               "visualTheme": 7
            },
            "gridsterCoords": {
               "h": 4,
               "w": 12,
               "x": 1,
               "y": 10
            },
            "height": 210,
            "id": "3f1d0712-1b60-48c1-ab09-0029b894da17",
            "title": "3. Health of Components of the TKGI Sub-Group",
            "type": "Scoreboard"
         },
         {
            "collapsed": false,
            "config": {
               "customFilter": {
                  "excludedResources": null,
                  "filter": [],
                  "includedResources": null
               },
               "depth": "3,3",
               "filterMode": "tagPicker",
               "refreshContent": {"refreshContent": true},
               "refreshInterval": 300,
               "resourceId": "resource:id:0_::_",
               "resourceName": "TKGI Overall Group",
               "selfProvider": {"selfProvider": false},
               "tagFilter": null,
               "title": "4. Relationship Between Components",
               "traversalSpecId": ""
            },
            "gridsterCoords": {
               "h": 9,
               "w": 7,
               "x": 6,
               "y": 1
            },
            "height": 495,
            "id": "b8b3a76c-0dd1-4c9b-9d02-844e7a2a2105",
            "states": [
               {
                  "key": "perm_ResourceRelationshipTree_widget_7b758545-78cd-4a6c-8262-db20f0e4e271_b8b3a76c-0dd1-4c9b-9d02-844e7a2a2105",
                  "value": "o%3A"
               },
               {
                  "key": "perm_toolbarVisible_widget_7b758545-78cd-4a6c-8262-db20f0e4e271_b8b3a76c-0dd1-4c9b-9d02-844e7a2a2105",
                  "value": "b%3A0"
               }
            ],
            "title": "4. Relationship Between Components",
            "type": "ResourceRelationshipAdvanced"
         },
         {
            "collapsed": false,
            "config": {
               "impactedBadge": "",
               "refreshContent": {"refreshContent": true},
               "refreshInterval": 300,
               "relationshipMode": {"relationshipMode": [
                  -1,
                  0
               ]},
               "resource": null,
               "selfProvider": {"selfProvider": false},
               "title": "5. Top Alerts from the selected object",
               "topIssuesDisplayLimit": 5
            },
            "gridsterCoords": {
               "h": 9,
               "w": 6,
               "x": 1,
               "y": 14
            },
            "height": 495,
            "id": "0289b979-b49c-4138-a292-f7b6de208204",
            "title": "5. Top Alerts from the selected object",
            "type": "ProblemAlertsList"
         },
         {
            "collapsed": false,
            "config": {
               "customFilter": {
                  "excludedResources": null,
                  "filter": [],
                  "includedResources": null
               },
               "depth": 1,
               "metric": {
                  "mode": "resourceKind",
                  "resourceKindMetrics": [
                     {
                        "colorMethod": 1,
                        "id": "extModel6190-1",
                        "isStringMetric": true,
                        "metricKey": "summary|config|productName",
                        "metricName": "Summary|Configuration|Product Name",
                        "metricUnitId": null,
                        "orangeBound": null,
                        "redBound": null,
                        "resourceKindId": "resourceKind:id:1_::_",
                        "resourceKindName": "Virtual Machine",
                        "unit": null,
                        "yellowBound": null
                     },
                     {
                        "colorMethod": 1,
                        "id": "extModel6190-2",
                        "isStringMetric": true,
                        "metricKey": "summary|customTag:name|customTagValue",
                        "metricName": "Summary|Custom Tag:name|Value",
                        "metricUnitId": null,
                        "orangeBound": null,
                        "redBound": null,
                        "resourceKindId": "resourceKind:id:1_::_",
                        "resourceKindName": "Virtual Machine",
                        "unit": null,
                        "yellowBound": null
                     }
                  ],
                  "resourceMetrics": [],
                  "subMode": "resourceKindAll"
               },
               "refreshContent": {"refreshContent": true},
               "refreshInterval": 300,
               "relationshipMode": {"relationshipMode": 0},
               "resInteractionMode": "TKGI Component Properties",
               "resource": [],
               "selfProvider": {"selfProvider": false},
               "showMetricFullName": {"metricFullName": true},
               "title": "6. Important Metrics and Properties",
               "visualTheme": 0
            },
            "gridsterCoords": {
               "h": 9,
               "w": 6,
               "x": 7,
               "y": 14
            },
            "height": 495,
            "id": "5ccb6826-397a-446a-afd2-31df840a9367",
            "states": [
               {
                  "key": "permMetricListDataGrid_metricGrid_widget_7b758545-78cd-4a6c-8262-db20f0e4e271_5ccb6826-397a-446a-afd2-31df840a9367",
                  "value": "o%3Acolumns%3Da%253Ao%25253Aid%25253Ds%2525253Ah1%25255Ehidden%25253Db%2525253A1%25255Ewidth%25253Dn%2525253A100%255Eo%25253Aid%25253Ds%2525253Ah2%255Eo%25253Aid%25253Ds%2525253Ah3%25255Ewidth%25253Dn%2525253A646%255Eo%25253Aid%25253Ds%2525253Ah4"
               },
               {
                  "key": "perm_toolbarVisible_widget_7b758545-78cd-4a6c-8262-db20f0e4e271_5ccb6826-397a-446a-afd2-31df840a9367",
                  "value": "b%3A0"
               },
               {
                  "key": "permPropsPaginationNumber_metricGrid_widget_7b758545-78cd-4a6c-8262-db20f0e4e271_5ccb6826-397a-446a-afd2-31df840a9367",
                  "value": "n%3A50"
               }
            ],
            "title": "6. Important Metrics and Properties",
            "type": "PropertyList"
         },
         {
            "collapsed": false,
            "config": {
               "refreshContent": {"refreshContent": true},
               "refreshInterval": 300,
               "title": "7. Individual Metric Picker - Dig Deeper"
            },
            "gridsterCoords": {
               "h": 6,
               "w": 6,
               "x": 1,
               "y": 23
            },
            "height": 324,
            "id": "33f5952e-15de-4d33-9f11-7dc99f3c0d74",
            "states": [
               {
                  "key": "permFetchCollectingMetrics_permMetricPicker_widget_7b758545-78cd-4a6c-8262-db20f0e4e271_33f5952e-15de-4d33-9f11-7dc99f3c0d74",
                  "value": "b%3A0"
               },
               {
                  "key": "permFetchCommonMetrics_permMetricPicker_widget_7b758545-78cd-4a6c-8262-db20f0e4e271_33f5952e-15de-4d33-9f11-7dc99f3c0d74",
                  "value": "b%3A0"
               },
               {
                  "key": "permFetchPropertyMetrics_permMetricPicker_widget_7b758545-78cd-4a6c-8262-db20f0e4e271_33f5952e-15de-4d33-9f11-7dc99f3c0d74",
                  "value": "b%3A0"
               },
               {
                  "key": "permMetricPicker_widget_7b758545-78cd-4a6c-8262-db20f0e4e271_33f5952e-15de-4d33-9f11-7dc99f3c0d74",
                  "value": "o%3Acolumns%3Da%253Ao%25253Aid%25253Ds%2525253Ah1"
               }
            ],
            "title": "7. Individual Metric Picker - Dig Deeper",
            "type": "MetricPicker"
         },
         {
            "collapsed": false,
            "config": {
               "customFilter": {
                  "excludedResources": null,
                  "filter": [],
                  "includedResources": null
               },
               "depth": 1,
               "metric": {
                  "mode": "resourceKind",
                  "resourceKindMetrics": [],
                  "resourceMetrics": [],
                  "subMode": "resourceKindAll"
               },
               "refreshContent": {"refreshContent": false},
               "refreshInterval": 300,
               "relationshipMode": {"relationshipMode": 0},
               "resInteractionMode": null,
               "resource": [],
               "selfProvider": {"selfProvider": false},
               "title": "8. Individual Metric Chart - Deeper Insight"
            },
            "gridsterCoords": {
               "h": 6,
               "w": 6,
               "x": 7,
               "y": 23
            },
            "height": 324,
            "id": "e7b77c12-43f2-41a7-a720-51816f41c6a7",
            "states": [
               {
                  "key": "permBtn_zoomAllGraphs_permMetricChart_widget_7b758545-78cd-4a6c-8262-db20f0e4e271_e7b77c12-43f2-41a7-a720-51816f41c6a7",
                  "value": "b%3A0"
               },
               {
                  "key": "permBtn_pan_permMetricChart_widget_7b758545-78cd-4a6c-8262-db20f0e4e271_e7b77c12-43f2-41a7-a720-51816f41c6a7",
                  "value": "b%3A0"
               },
               {
                  "key": "permMetricChart_widget_7b758545-78cd-4a6c-8262-db20f0e4e271_e7b77c12-43f2-41a7-a720-51816f41c6a7",
                  "value": "o%3A"
               },
               {
                  "key": "permDateRange1_permMetricChart_widget_7b758545-78cd-4a6c-8262-db20f0e4e271_e7b77c12-43f2-41a7-a720-51816f41c6a7",
                  "value": "s%3A%7B%22dateRange%22%3A%22dashboardTime%22%2C%22dateFrom%22%3Anull%2C%22dateTo%22%3Anull%2C%22timeFrom%22%3Anull%2C%22timeTo%22%3Anull%7D"
               }
            ],
            "title": "8. Individual Metric Chart - Deeper Insight",
            "type": "MetricChart"
         }
      ]
   }],
   "entries": {
      "resource": [{
         "adapterKindKey": "Container",
         "identifiers": [],
         "internalId": "resource:id:0_::_",
         "name": "TKGI Group-1",
         "resourceKindKey": "PKS Environment"
      }],
      "resourceKind": [
         {
            "adapterKindKey": "VMWARE",
            "internalId": "resourceKind:id:1_::_",
            "resourceKindKey": "VirtualMachine"
         },
         {
            "adapterKindKey": "Container",
            "internalId": "resourceKind:id:0_::_",
            "resourceKindKey": "Department"
         }
      ]
   },
   "uuid": "ec1b5027-7f97-432e-9f02-b7cdb2b3e4f4"
}