{
   "dashboards": [{
      "autoswitchEnabled": false,
      "columnCount": 1,
      "columnProportion": "1",
      "creationTime": 1587653020389,
      "dashboardNavigations": {},
      "description": "",
      "disabled": false,
      "gridsterMaxColumns": 12,
      "hidden": false,
      "homeTab": false,
      "id": "6b1e3b81-7a4e-4377-8161-418b857806e2",
      "importAttempts": 0,
      "importComplete": true,
      "isDefault": false,
      "locked": false,
      "name": "CaaS Health",
      "rank": 9,
      "shared": false,
      "states": [],
      "temporary": false,
      "userId": "de30f69b-28af-4840-9d7a-704f0e2b3365",
      "widgetInteractions": [
         {
            "type": "resourceId",
            "widgetIdProvider": "acf65180-b335-4fd2-b195-ae1712ce7818",
            "widgetIdReceiver": "ed585747-a11e-4e11-8049-71961dc28a89"
         },
         {
            "type": "resourceId",
            "widgetIdProvider": "acf65180-b335-4fd2-b195-ae1712ce7818",
            "widgetIdReceiver": "89de8f62-0f51-45c7-90a1-378929515877"
         },
         {
            "type": "resourceId",
            "widgetIdProvider": "acf65180-b335-4fd2-b195-ae1712ce7818",
            "widgetIdReceiver": "9769bf55-2f64-4eb0-ae15-31e09436b512"
         },
         {
            "type": "resourceId",
            "widgetIdProvider": "ea7f8557-0773-45c9-bb95-177417dbee2b",
            "widgetIdReceiver": "5422a4f0-1806-45b7-a664-a22bd5b56749"
         },
         {
            "type": "resourceId",
            "widgetIdProvider": "5422a4f0-1806-45b7-a664-a22bd5b56749",
            "widgetIdReceiver": "acf65180-b335-4fd2-b195-ae1712ce7818"
         },
         {
            "type": "resourceId",
            "widgetIdProvider": "5422a4f0-1806-45b7-a664-a22bd5b56749",
            "widgetIdReceiver": "02cb21b6-6a52-48d8-b231-13fb1f0df4f4"
         },
         {
            "type": "resourceId",
            "widgetIdProvider": "ea7f8557-0773-45c9-bb95-177417dbee2b",
            "widgetIdReceiver": "ed585747-a11e-4e11-8049-71961dc28a89"
         },
         {
            "type": "resourceId",
            "widgetIdProvider": "5422a4f0-1806-45b7-a664-a22bd5b56749",
            "widgetIdReceiver": "ed585747-a11e-4e11-8049-71961dc28a89"
         }
      ],
      "widgets": [
         {
            "collapsed": false,
            "config": {},
            "gridsterCoords": {
               "h": 8,
               "w": 12,
               "x": 1,
               "y": 20
            },
            "height": 438,
            "id": "ed585747-a11e-4e11-8049-71961dc28a89",
            "states": [{
               "key": "perm_ResourceRelationshipTree_widget_6b1e3b81-7a4e-4377-8161-418b857806e2_ed585747-a11e-4e11-8049-71961dc28a89",
               "value": "o%3A"
            }],
            "title": "Object Relationship (Advanced)",
            "type": "ResourceRelationshipAdvanced"
         },
         {
            "collapsed": false,
            "config": {},
            "gridsterCoords": {
               "h": 13,
               "w": 4,
               "x": 5,
               "y": 7
            },
            "height": 723,
            "id": "acf65180-b335-4fd2-b195-ae1712ce7818",
            "states": [
               {
                  "key": "perm_toolbarVisible_widget_6b1e3b81-7a4e-4377-8161-418b857806e2_acf65180-b335-4fd2-b195-ae1712ce7818",
                  "value": "b%3A1"
               },
               {
                  "key": "permSkittlesView_widget_6b1e3b81-7a4e-4377-8161-418b857806e2_acf65180-b335-4fd2-b195-ae1712ce7818",
                  "value": "o%3A"
               },
               {
                  "key": "permDefaultMetricType_permSkittlesView_widget_6b1e3b81-7a4e-4377-8161-418b857806e2_acf65180-b335-4fd2-b195-ae1712ce7818",
                  "value": "s%3Ahealth"
               }
            ],
            "title": "Environment Overview",
            "type": "Skittles"
         },
         {
            "collapsed": false,
            "config": {
               "customFilter": {
                  "excludedResources": null,
                  "filter": [],
                  "includedResources": null
               },
               "depth": 1,
               "metric": {
                  "mode": "resourceKind",
                  "resourceKindMetrics": [],
                  "resourceMetrics": [],
                  "subMode": "resourceKindAll"
               },
               "refreshContent": {"refreshContent": false},
               "refreshInterval": 300,
               "relationshipMode": {"relationshipMode": 0},
               "resInteractionMode": "CaaS Dashboard Properties Widget",
               "resource": [],
               "selfProvider": {"selfProvider": false},
               "showMetricFullName": {"metricFullName": true},
               "title": "Property List",
               "visualTheme": 0
            },
            "gridsterCoords": {
               "h": 13,
               "w": 4,
               "x": 9,
               "y": 7
            },
            "height": 723,
            "id": "89de8f62-0f51-45c7-90a1-378929515877",
            "states": [{
               "key": "permMetricListDataGrid_metricGrid_widget_6b1e3b81-7a4e-4377-8161-418b857806e2_89de8f62-0f51-45c7-90a1-378929515877",
               "value": "o%3Acolumns%3Da%253Ao%25253Aid%25253Ds%2525253Ah1%25255Ehidden%25253Db%2525253A1%25255Ewidth%25253Dn%2525253A100%255Eo%25253Aid%25253Ds%2525253Ah2%25255Ewidth%25253Dn%2525253A200%255Eo%25253Aid%25253Ds%2525253Ah3%25255Ewidth%25253Dn%2525253A221%255Eo%25253Aid%25253Ds%2525253Ah4"
            }],
            "title": "Property List",
            "type": "PropertyList"
         },
         {
            "collapsed": false,
            "config": {
               "impactedBadge": "",
               "refreshContent": {"refreshContent": false},
               "refreshInterval": 300,
               "relationshipMode": {"relationshipMode": [
                  -1,
                  0
               ]},
               "resource": null,
               "selfProvider": {"selfProvider": false},
               "title": "Specific Environment Alerts",
               "topIssuesDisplayLimit": 25
            },
            "gridsterCoords": {
               "h": 7,
               "w": 4,
               "x": 1,
               "y": 13
            },
            "height": 381,
            "id": "9769bf55-2f64-4eb0-ae15-31e09436b512",
            "title": "Specific Environment Alerts",
            "type": "ProblemAlertsList"
         },
         {
            "collapsed": false,
            "config": {
               "boxColumns": 5,
               "boxHeight": 38,
               "customFilter": {
                  "excludedResources": null,
                  "filter": [],
                  "includedResources": null
               },
               "depth": 1,
               "labelSize": 16,
               "maxCellCount": 100,
               "metric": {
                  "mode": "resourceKind",
                  "resourceKindMetrics": [{
                     "colorMethod": 1,
                     "id": "extModel103080-1",
                     "isStringMetric": false,
                     "link": "",
                     "metricKey": "badge|health",
                     "metricName": "Badge|Health",
                     "metricUnitId": -1,
                     "orangeBound": null,
                     "redBound": null,
                     "resourceKindId": "resourceKind:id:0_::_",
                     "resourceKindName": "Application",
                     "unit": "Auto",
                     "yellowBound": null
                  }],
                  "resourceMetrics": []
               },
               "mode": {"layoutMode": "fixedSize"},
               "oldMetricValues": false,
               "periodLength": "last7Days",
               "refreshContent": {"refreshContent": false},
               "refreshInterval": 300,
               "relationshipMode": {"relationshipMode": 0},
               "resInteractionMode": null,
               "resource": [
                  {
                     "id": "resource:id:0_::_",
                     "name": "NCW CaaS Non-Prod"
                  },
                  {
                     "id": "resource:id:1_::_",
                     "name": "NCE Caas Prod"
                  },
                  {
                     "id": "resource:id:2_::_",
                     "name": "NCW CaaS Prod"
                  },
                  {
                     "id": "resource:id:3_::_",
                     "name": "CDP CaaS Dev"
                  },
                  {
                     "id": "resource:id:4_::_",
                     "name": "NCE Caas Non-Prod"
                  }
               ],
               "roundDecimals": null,
               "selfProvider": {"selfProvider": true},
               "showDT": {"showDT": true},
               "showMetricName": {"showMetricName": true},
               "showMetricUnit": {"showMetricUnit": true},
               "showResourceName": {"showResourceName": true},
               "showSparkline": {"showSparkline": true},
               "title": "Environment (Select)",
               "valueSize": 24,
               "visualTheme": 1
            },
            "gridsterCoords": {
               "h": 3,
               "w": 12,
               "x": 1,
               "y": 1
            },
            "height": 153,
            "id": "ea7f8557-0773-45c9-bb95-177417dbee2b",
            "title": "Environment (Select)",
            "type": "Scoreboard"
         },
         {
            "collapsed": false,
            "config": {
               "boxColumns": 4,
               "boxHeight": 38,
               "customFilter": {
                  "excludedResources": null,
                  "filter": [],
                  "includedResources": null
               },
               "depth": 1,
               "labelSize": 16,
               "maxCellCount": 100,
               "metric": {
                  "mode": "resourceKind",
                  "resourceKindMetrics": [{
                     "colorMethod": 1,
                     "id": "extModel106541-1",
                     "isStringMetric": false,
                     "link": "",
                     "metricKey": "badge|health",
                     "metricName": "Badge|Health",
                     "metricUnitId": -1,
                     "orangeBound": null,
                     "redBound": null,
                     "resourceKindId": "resourceKind:id:1_::_",
                     "resourceKindName": "Tier",
                     "unit": "Auto",
                     "yellowBound": null
                  }],
                  "resourceMetrics": [],
                  "subMode": "resourceKindAll"
               },
               "mode": {"layoutMode": "fixedSize"},
               "oldMetricValues": false,
               "periodLength": "last7Days",
               "refreshContent": {"refreshContent": false},
               "refreshInterval": 300,
               "relationshipMode": {"relationshipMode": -1},
               "resInteractionMode": null,
               "resource": [],
               "roundDecimals": null,
               "selfProvider": {"selfProvider": false},
               "showDT": {"showDT": true},
               "showMetricName": {"showMetricName": true},
               "showMetricUnit": {"showMetricUnit": true},
               "showResourceName": {"showResourceName": true},
               "showSparkline": {"showSparkline": true},
               "title": "Component (Select)",
               "valueSize": 24,
               "visualTheme": 1
            },
            "gridsterCoords": {
               "h": 3,
               "w": 12,
               "x": 1,
               "y": 4
            },
            "height": 153,
            "id": "5422a4f0-1806-45b7-a664-a22bd5b56749",
            "title": "Component (Select)",
            "type": "Scoreboard"
         },
         {
            "collapsed": false,
            "config": {
               "impactedBadge": "",
               "refreshContent": {"refreshContent": false},
               "refreshInterval": 300,
               "relationshipMode": {"relationshipMode": [
                  -1,
                  0
               ]},
               "resource": null,
               "selfProvider": {"selfProvider": false},
               "title": "Component Alerts",
               "topIssuesDisplayLimit": 10
            },
            "gridsterCoords": {
               "h": 6,
               "w": 4,
               "x": 1,
               "y": 7
            },
            "height": 324,
            "id": "02cb21b6-6a52-48d8-b231-13fb1f0df4f4",
            "title": "Component Alerts",
            "type": "ProblemAlertsList"
         }
      ]
   }],
   "entries": {
      "resource": [
         {
            "adapterKindKey": "Container",
            "identifiers": [],
            "internalId": "resource:id:1_::_",
            "name": "NCE Caas Prod",
            "resourceKindKey": "BusinessService"
         },
         {
            "adapterKindKey": "Container",
            "identifiers": [],
            "internalId": "resource:id:4_::_",
            "name": "NCE Caas Non-Prod",
            "resourceKindKey": "BusinessService"
         },
         {
            "adapterKindKey": "Container",
            "identifiers": [],
            "internalId": "resource:id:0_::_",
            "name": "NCW CaaS Non-Prod",
            "resourceKindKey": "BusinessService"
         },
         {
            "adapterKindKey": "Container",
            "identifiers": [],
            "internalId": "resource:id:3_::_",
            "name": "CDP CaaS Dev",
            "resourceKindKey": "BusinessService"
         },
         {
            "adapterKindKey": "Container",
            "identifiers": [],
            "internalId": "resource:id:2_::_",
            "name": "NCW CaaS Prod",
            "resourceKindKey": "BusinessService"
         }
      ],
      "resourceKind": [
         {
            "adapterKindKey": "Container",
            "internalId": "resourceKind:id:1_::_",
            "resourceKindKey": "Tier"
         },
         {
            "adapterKindKey": "Container",
            "internalId": "resourceKind:id:0_::_",
            "resourceKindKey": "BusinessService"
         }
      ]
   },
   "uuid": "bd4ff939-4ac8-4b47-a0da-5801964709cb"
}