{
   "dashboards": [{
      "autoswitchEnabled": false,
      "columnCount": 1,
      "columnProportion": "1-1",
      "creationTime": 1593197191249,
      "dashboardNavigations": {},
      "description": "",
      "disabled": false,
      "gridsterMaxColumns": 12,
      "hidden": false,
      "homeTab": false,
      "id": "74e04c8e-04c3-4bfe-9a52-3079f3c71a39",
      "importAttempts": 0,
      "importComplete": true,
      "lastUpdateTime": 1593481435520,
      "lastUpdateUserId": "ae644884-ef70-4bc3-b904-80ac23802435",
      "locked": false,
      "name": "TKGI Dashboard",
      "rank": 0,
      "shared": false,
      "states": [],
      "temporary": false,
      "userId": "ae644884-ef70-4bc3-b904-80ac23802435",
      "widgetInteractions": [
         {
            "type": "resourceId",
            "widgetIdProvider": "65563e56-f792-4a3b-8547-863bba16ea1a",
            "widgetIdReceiver": "1bed5de9-c28d-4019-a539-da454da4a6df"
         },
         {
            "type": "resourceId",
            "widgetIdProvider": "1bed5de9-c28d-4019-a539-da454da4a6df",
            "widgetIdReceiver": "c00cbb90-618d-4335-97f6-622c8696032f"
         },
         {
            "type": "resourceId",
            "widgetIdProvider": "65563e56-f792-4a3b-8547-863bba16ea1a",
            "widgetIdReceiver": "9f14cc86-387b-4c1d-bd54-e8f1e0b511c0"
         },
         {
            "type": "resourceId",
            "widgetIdProvider": "c00cbb90-618d-4335-97f6-622c8696032f",
            "widgetIdReceiver": "4ba59345-48b9-4018-8bd2-e56ef4080f19"
         },
         {
            "type": "resourceId",
            "widgetIdProvider": "c00cbb90-618d-4335-97f6-622c8696032f",
            "widgetIdReceiver": "722f4da9-9a2c-43d7-ac14-13df5c505020"
         },
         {
            "type": "resourceId",
            "widgetIdProvider": "c00cbb90-618d-4335-97f6-622c8696032f",
            "widgetIdReceiver": "551823f8-0986-49b7-ae93-e45928bcdae8"
         },
         {
            "type": "resourceId",
            "widgetIdProvider": "c00cbb90-618d-4335-97f6-622c8696032f",
            "widgetIdReceiver": "bcbc1e4a-77a0-478f-b8d0-152a320e014f"
         },
         {
            "type": "metricId",
            "widgetIdProvider": "bcbc1e4a-77a0-478f-b8d0-152a320e014f",
            "widgetIdReceiver": "a5d161f0-1ba3-4d47-92f3-420b234ea9a1"
         },
         {
            "type": "resourceId",
            "widgetIdProvider": "65563e56-f792-4a3b-8547-863bba16ea1a",
            "widgetIdReceiver": "551823f8-0986-49b7-ae93-e45928bcdae8"
         },
         {
            "type": "resourceId",
            "widgetIdProvider": "1bed5de9-c28d-4019-a539-da454da4a6df",
            "widgetIdReceiver": "551823f8-0986-49b7-ae93-e45928bcdae8"
         }
      ],
      "widgets": [
         {
            "collapsed": false,
            "config": {
               "editorData": "<font face=\"metropolis\" style=\"\" size=\"4\">\u200bThe TKGI Dashboard curates the TKGI control&nbsp;plane components across all the environment in a single pane of glass. This includes an end to end topology map showcasing the health of all the&nbsp;objects&nbsp;along with upstream and downstream dependencies.<\/font><div style=\"\"><font face=\"metropolis\" style=\"\" size=\"4\">Upon clicking any object in the relationship tree, the related inventory&nbsp;of components can be viewed and exported from this dashboard.<\/font><br><\/div>",
               "locationFile": "",
               "locationUrl": "",
               "refreshContent": {"refreshContent": false},
               "refreshInterval": 300,
               "title": "0.Read Me (Expand to see details)",
               "titleLocalized": "0.Read Me (Expand to see details)",
               "viewModeHTML": true
            },
            "gridsterCoords": {
               "h": 3,
               "w": 12,
               "x": 1,
               "y": 1
            },
            "height": 153,
            "id": "27b51a4c-ad74-48ab-a6f8-a08e550d2fa0",
            "title": "0.Read Me (Expand to see details)",
            "type": "TextDisplay"
         },
         {
            "collapsed": false,
            "config": {
               "boxColumns": 4,
               "boxHeight": null,
               "customFilter": {
                  "excludedResources": null,
                  "filter": [],
                  "includedResources": null
               },
               "depth": 1,
               "labelSize": 16,
               "maxCellCount": 100,
               "metric": {
                  "mode": "resourceKind",
                  "resourceKindMetrics": [{
                     "colorMethod": 0,
                     "id": "extModel3780-1",
                     "isStringMetric": false,
                     "label": "",
                     "link": "",
                     "metricKey": "Health|populationAverage",
                     "metricName": "Health|Average Score Of All Group Members",
                     "metricUnitId": "%",
                     "orangeBound": 70,
                     "redBound": 50,
                     "resourceKindId": "resourceKind:id:0_::_",
                     "resourceKindName": "TKGI Group",
                     "unit": "%",
                     "yellowBound": 90
                  }],
                  "resourceMetrics": [],
                  "subMode": "resourceKindAll"
               },
               "mode": {"layoutMode": "fixedView"},
               "oldMetricValues": false,
               "periodLength": "last7Days",
               "refreshContent": {"refreshContent": true},
               "refreshInterval": 300,
               "relationshipMode": {"relationshipMode": 0},
               "resInteractionMode": null,
               "resource": [],
               "roundDecimals": null,
               "selfProvider": {"selfProvider": true},
               "showDT": {"showDT": false},
               "showMetricName": {"showMetricName": false},
               "showMetricUnit": {"showMetricUnit": true},
               "showResourceName": {"showResourceName": true},
               "showSparkline": {"showSparkline": true},
               "title": "1. Start Here - Select Any TKGI Group",
               "valueSize": 24,
               "visualTheme": 1
            },
            "gridsterCoords": {
               "h": 4,
               "w": 6,
               "x": 1,
               "y": 4
            },
            "height": 210,
            "id": "65563e56-f792-4a3b-8547-863bba16ea1a",
            "title": "1. Start Here - Select Any TKGI Group",
            "type": "Scoreboard"
         },
         {
            "collapsed": false,
            "config": {
               "boxColumns": 4,
               "boxHeight": null,
               "customFilter": {
                  "excludedResources": null,
                  "filter": [],
                  "includedResources": null
               },
               "depth": 1,
               "labelSize": 16,
               "maxCellCount": 100,
               "metric": {
                  "mode": "resourceKind",
                  "resourceKindMetrics": [
                     {
                        "colorMethod": 0,
                        "id": "extModel4523-1",
                        "isStringMetric": false,
                        "label": "",
                        "link": "",
                        "metricKey": "Health|populationAverage",
                        "metricName": "Health|Average Score Of All Group Members",
                        "metricUnitId": "%",
                        "orangeBound": 70,
                        "redBound": 50,
                        "resourceKindId": "resourceKind:id:1_::_",
                        "resourceKindName": "TKGI-MGMT",
                        "unit": "%",
                        "yellowBound": 90
                     },
                     {
                        "colorMethod": 0,
                        "id": "extModel4523-2",
                        "isStringMetric": false,
                        "label": "",
                        "link": "",
                        "metricKey": "Health|populationAverage",
                        "metricName": "Health|Average Score Of All Group Members",
                        "metricUnitId": "%",
                        "orangeBound": 70,
                        "redBound": 50,
                        "resourceKindId": "resourceKind:id:2_::_",
                        "resourceKindName": "NSX-T MGMT",
                        "unit": "%",
                        "yellowBound": 90
                     }
                  ],
                  "resourceMetrics": [],
                  "subMode": "resourceKindAll"
               },
               "mode": {"layoutMode": "fixedView"},
               "oldMetricValues": false,
               "periodLength": "last7Days",
               "refreshContent": {"refreshContent": true},
               "refreshInterval": 300,
               "relationshipMode": {"relationshipMode": -1},
               "resInteractionMode": null,
               "resource": [],
               "roundDecimals": null,
               "selfProvider": {"selfProvider": false},
               "showDT": {"showDT": false},
               "showMetricName": {"showMetricName": false},
               "showMetricUnit": {"showMetricUnit": true},
               "showResourceName": {"showResourceName": true},
               "showSparkline": {"showSparkline": true},
               "title": "2. Health of TKGI Sub Groups (Select any to see details of it's components)",
               "valueSize": 24,
               "visualTheme": 1
            },
            "gridsterCoords": {
               "h": 4,
               "w": 6,
               "x": 7,
               "y": 4
            },
            "height": 210,
            "id": "1bed5de9-c28d-4019-a539-da454da4a6df",
            "title": "2. Health of TKGI Sub Groups (Select any to see details of it's components)",
            "type": "Scoreboard"
         },
         {
            "collapsed": false,
            "config": {
               "boxColumns": 10,
               "boxHeight": null,
               "customFilter": {
                  "excludedResources": null,
                  "filter": [],
                  "includedResources": null
               },
               "depth": 1,
               "labelSize": 16,
               "maxCellCount": 100,
               "metric": {
                  "mode": "resourceKind",
                  "resourceKindMetrics": [{
                     "colorMethod": 1,
                     "id": "extModel5336-1",
                     "isStringMetric": false,
                     "link": "",
                     "metricKey": "badge|health",
                     "metricName": "Badge|Health",
                     "metricUnitId": -1,
                     "orangeBound": null,
                     "redBound": null,
                     "resourceKindId": "resourceKind:id:3_::_",
                     "resourceKindName": "Virtual Machine",
                     "unit": "Auto",
                     "yellowBound": null
                  }],
                  "resourceMetrics": [],
                  "subMode": "resourceKindAll"
               },
               "mode": {"layoutMode": "fixedView"},
               "oldMetricValues": false,
               "periodLength": "last7Days",
               "refreshContent": {"refreshContent": true},
               "refreshInterval": 300,
               "relationshipMode": {"relationshipMode": -1},
               "resInteractionMode": null,
               "resource": [],
               "roundDecimals": null,
               "selfProvider": {"selfProvider": false},
               "showDT": {"showDT": false},
               "showMetricName": {"showMetricName": false},
               "showMetricUnit": {"showMetricUnit": true},
               "showResourceName": {"showResourceName": true},
               "showSparkline": {"showSparkline": true},
               "title": "3. Health of Components of the TKGI Sub-Group",
               "valueSize": 24,
               "visualTheme": 1
            },
            "gridsterCoords": {
               "h": 4,
               "w": 12,
               "x": 1,
               "y": 8
            },
            "height": 210,
            "id": "c00cbb90-618d-4335-97f6-622c8696032f",
            "title": "3. Health of Components of the TKGI Sub-Group",
            "type": "Scoreboard"
         },
         {
            "collapsed": false,
            "config": {
               "customFilter": {
                  "excludedResources": null,
                  "filter": [],
                  "includedResources": null
               },
               "depth": "3,3",
               "filterMode": "tagPicker",
               "refreshContent": {"refreshContent": true},
               "refreshInterval": 300,
               "resourceId": null,
               "resourceName": null,
               "selfProvider": {"selfProvider": false},
               "tagFilter": null,
               "title": "4. Relationship Between Components",
               "traversalSpecId": ""
            },
            "gridsterCoords": {
               "h": 12,
               "w": 9,
               "x": 1,
               "y": 12
            },
            "height": 666,
            "id": "9f14cc86-387b-4c1d-bd54-e8f1e0b511c0",
            "states": [{
               "key": "perm_ResourceRelationshipTree_widget_74e04c8e-04c3-4bfe-9a52-3079f3c71a39_9f14cc86-387b-4c1d-bd54-e8f1e0b511c0",
               "value": "o%3A"
            }],
            "title": "4. Relationship Between Components",
            "type": "ResourceRelationshipAdvanced"
         },
         {
            "collapsed": false,
            "config": {
               "boxColumns": 2,
               "boxHeight": null,
               "customFilter": {
                  "excludedResources": null,
                  "filter": [],
                  "includedResources": null
               },
               "depth": 1,
               "labelSize": 16,
               "maxCellCount": 1000,
               "metric": {
                  "mode": "resourceKind",
                  "resourceKindMetrics": [
                     {
                        "colorMethod": 2,
                        "id": "extModel7063-1",
                        "isStringMetric": true,
                        "label": "Product",
                        "link": "",
                        "metricKey": "summary|config|productName",
                        "metricName": "Summary|Configuration|Product Name",
                        "metricUnitId": null,
                        "orangeBound": null,
                        "redBound": null,
                        "resourceKindId": "resourceKind:id:3_::_",
                        "resourceKindName": "Virtual Machine",
                        "unit": null,
                        "yellowBound": null
                     },
                     {
                        "colorMethod": 2,
                        "id": "extModel7063-2",
                        "isStringMetric": true,
                        "label": "Component",
                        "link": "",
                        "metricKey": "summary|customTag:instance_group|customTagValue",
                        "metricName": "Summary|Custom Tag:instance_group|Value",
                        "metricUnitId": null,
                        "orangeBound": null,
                        "redBound": null,
                        "resourceKindId": "resourceKind:id:3_::_",
                        "resourceKindName": "Virtual Machine",
                        "unit": null,
                        "yellowBound": null
                     },
                     {
                        "colorMethod": 2,
                        "id": "extModel7063-3",
                        "isStringMetric": true,
                        "label": "IP Address",
                        "link": "",
                        "metricKey": "summary|guest|ipAddress",
                        "metricName": "Summary|Guest Operating System|Guest OS IP Address",
                        "metricUnitId": null,
                        "orangeBound": null,
                        "redBound": null,
                        "resourceKindId": "resourceKind:id:3_::_",
                        "resourceKindName": "Virtual Machine",
                        "unit": null,
                        "yellowBound": null
                     },
                     {
                        "colorMethod": 2,
                        "id": "extModel7063-4",
                        "isStringMetric": true,
                        "label": "Parent Cluster",
                        "link": "",
                        "metricKey": "summary|parentCluster",
                        "metricName": "Summary|Parent Cluster",
                        "metricUnitId": null,
                        "orangeBound": null,
                        "redBound": null,
                        "resourceKindId": "resourceKind:id:3_::_",
                        "resourceKindName": "Virtual Machine",
                        "unit": null,
                        "yellowBound": null
                     },
                     {
                        "colorMethod": 2,
                        "id": "extModel7063-6",
                        "isStringMetric": true,
                        "label": "Parent Host",
                        "link": "",
                        "metricKey": "summary|parentHost",
                        "metricName": "Summary|Parent Host",
                        "metricUnitId": null,
                        "orangeBound": null,
                        "redBound": null,
                        "resourceKindId": "resourceKind:id:3_::_",
                        "resourceKindName": "Virtual Machine",
                        "unit": null,
                        "yellowBound": null
                     },
                     {
                        "colorMethod": 2,
                        "id": "extModel7063-7",
                        "isStringMetric": true,
                        "label": "Parent Datacenter",
                        "link": "",
                        "metricKey": "summary|parentDatacenter",
                        "metricName": "Summary|Parent Datacenter",
                        "metricUnitId": null,
                        "orangeBound": null,
                        "redBound": null,
                        "resourceKindId": "resourceKind:id:3_::_",
                        "resourceKindName": "Virtual Machine",
                        "unit": null,
                        "yellowBound": null
                     },
                     {
                        "colorMethod": 2,
                        "id": "extModel7063-8",
                        "isStringMetric": true,
                        "label": "Parent vCenter",
                        "link": "",
                        "metricKey": "summary|parentVcenter",
                        "metricName": "Summary|Parent vCenter",
                        "metricUnitId": null,
                        "orangeBound": null,
                        "redBound": null,
                        "resourceKindId": "resourceKind:id:3_::_",
                        "resourceKindName": "Virtual Machine",
                        "unit": null,
                        "yellowBound": null
                     }
                  ],
                  "resourceMetrics": [],
                  "subMode": "resourceKindAll"
               },
               "mode": {"layoutMode": "fixedView"},
               "oldMetricValues": false,
               "periodLength": null,
               "refreshContent": {"refreshContent": false},
               "refreshInterval": 300,
               "relationshipMode": {"relationshipMode": 0},
               "resInteractionMode": null,
               "resource": [],
               "roundDecimals": null,
               "selfProvider": {"selfProvider": false},
               "showDT": {"showDT": true},
               "showMetricName": {"showMetricName": true},
               "showMetricUnit": {"showMetricUnit": true},
               "showResourceName": {"showResourceName": false},
               "showSparkline": {"showSparkline": false},
               "title": "5. Properties",
               "valueSize": 24,
               "visualTheme": 1
            },
            "gridsterCoords": {
               "h": 6,
               "w": 3,
               "x": 10,
               "y": 12
            },
            "height": 324,
            "id": "4ba59345-48b9-4018-8bd2-e56ef4080f19",
            "title": "5. Properties",
            "type": "Scoreboard"
         },
         {
            "collapsed": false,
            "config": {
               "customFilter": {
                  "excludedResources": null,
                  "filter": [],
                  "includedResources": null
               },
               "depth": 1,
               "metric": {
                  "mode": "resourceKind",
                  "resourceKindMetrics": [
                     {
                        "colorMethod": 1,
                        "id": "extModel8423-1",
                        "isStringMetric": false,
                        "metricKey": "cpu|capacity_contentionPct",
                        "metricName": "CPU|Contention",
                        "metricUnitId": "percent",
                        "orangeBound": null,
                        "redBound": null,
                        "resourceKindId": "resourceKind:id:3_::_",
                        "resourceKindName": "Virtual Machine",
                        "unit": "%",
                        "yellowBound": null
                     },
                     {
                        "colorMethod": 1,
                        "id": "extModel8423-2",
                        "isStringMetric": false,
                        "metricKey": "cpu|usage_average",
                        "metricName": "CPU|Usage",
                        "metricUnitId": "percent",
                        "orangeBound": null,
                        "redBound": null,
                        "resourceKindId": "resourceKind:id:3_::_",
                        "resourceKindName": "Virtual Machine",
                        "unit": "%",
                        "yellowBound": null
                     },
                     {
                        "colorMethod": 1,
                        "id": "extModel8423-3",
                        "isStringMetric": false,
                        "metricKey": "cpu|readyPct",
                        "metricName": "CPU|Ready",
                        "metricUnitId": "percent",
                        "orangeBound": null,
                        "redBound": null,
                        "resourceKindId": "resourceKind:id:3_::_",
                        "resourceKindName": "Virtual Machine",
                        "unit": "%",
                        "yellowBound": null
                     },
                     {
                        "colorMethod": 1,
                        "id": "extModel8423-4",
                        "isStringMetric": false,
                        "metricKey": "cpu|demandPct",
                        "metricName": "CPU|Demand",
                        "metricUnitId": "percent",
                        "orangeBound": null,
                        "redBound": null,
                        "resourceKindId": "resourceKind:id:3_::_",
                        "resourceKindName": "Virtual Machine",
                        "unit": "%",
                        "yellowBound": null
                     },
                     {
                        "colorMethod": 1,
                        "id": "extModel8423-6",
                        "isStringMetric": false,
                        "metricKey": "cpu|iowaitPct",
                        "metricName": "CPU|IO Wait",
                        "metricUnitId": "percent",
                        "orangeBound": null,
                        "redBound": null,
                        "resourceKindId": "resourceKind:id:3_::_",
                        "resourceKindName": "Virtual Machine",
                        "unit": "%",
                        "yellowBound": null
                     },
                     {
                        "colorMethod": 1,
                        "id": "extModel8423-5",
                        "isStringMetric": false,
                        "metricKey": "config|hardware|num_Cpu",
                        "metricName": "Configuration|Hardware|Number of CPUs",
                        "metricUnitId": "7004",
                        "orangeBound": null,
                        "redBound": null,
                        "resourceKindId": "resourceKind:id:3_::_",
                        "resourceKindName": "Virtual Machine",
                        "unit": "vCPUs",
                        "yellowBound": null
                     },
                     {
                        "colorMethod": 1,
                        "id": "extModel8423-7",
                        "isStringMetric": false,
                        "metricKey": "guestfilesystem|percentage_total",
                        "metricName": "Guest File System|Utilization",
                        "metricUnitId": "percent",
                        "orangeBound": null,
                        "redBound": null,
                        "resourceKindId": "resourceKind:id:3_::_",
                        "resourceKindName": "Virtual Machine",
                        "unit": "%",
                        "yellowBound": null
                     },
                     {
                        "colorMethod": 1,
                        "id": "extModel8423-8",
                        "isStringMetric": false,
                        "metricKey": "mem|host_contentionPct",
                        "metricName": "Memory|Contention",
                        "metricUnitId": "percent",
                        "orangeBound": null,
                        "redBound": null,
                        "resourceKindId": "resourceKind:id:3_::_",
                        "resourceKindName": "Virtual Machine",
                        "unit": "%",
                        "yellowBound": null
                     },
                     {
                        "colorMethod": 1,
                        "id": "extModel8423-9",
                        "isStringMetric": false,
                        "metricKey": "mem|balloonPct",
                        "metricName": "Memory|Balloon",
                        "metricUnitId": "percent",
                        "orangeBound": null,
                        "redBound": null,
                        "resourceKindId": "resourceKind:id:3_::_",
                        "resourceKindName": "Virtual Machine",
                        "unit": "%",
                        "yellowBound": null
                     },
                     {
                        "colorMethod": 1,
                        "id": "extModel8423-10",
                        "isStringMetric": false,
                        "metricKey": "mem|usage_average",
                        "metricName": "Memory|Usage",
                        "metricUnitId": "percent",
                        "orangeBound": null,
                        "redBound": null,
                        "resourceKindId": "resourceKind:id:3_::_",
                        "resourceKindName": "Virtual Machine",
                        "unit": "%",
                        "yellowBound": null
                     },
                     {
                        "colorMethod": 1,
                        "id": "extModel8423-11",
                        "isStringMetric": false,
                        "metricKey": "mem|guest_demand",
                        "metricName": "Memory|Guest Demand",
                        "metricUnitId": "kb",
                        "orangeBound": null,
                        "redBound": null,
                        "resourceKindId": "resourceKind:id:3_::_",
                        "resourceKindName": "Virtual Machine",
                        "unit": "KB",
                        "yellowBound": null
                     },
                     {
                        "colorMethod": 1,
                        "id": "extModel8423-12",
                        "isStringMetric": false,
                        "metricKey": "net:Aggregate of all instances|droppedPct",
                        "metricName": "Network:Aggregate of all Instances|Packets Dropped",
                        "metricUnitId": "percent",
                        "orangeBound": null,
                        "redBound": null,
                        "resourceKindId": "resourceKind:id:3_::_",
                        "resourceKindName": "Virtual Machine",
                        "unit": "%",
                        "yellowBound": null
                     },
                     {
                        "colorMethod": 1,
                        "id": "extModel8423-13",
                        "isStringMetric": false,
                        "metricKey": "storage|totalReadLatency_average",
                        "metricName": "Storage|Read Latency",
                        "metricUnitId": "msec",
                        "orangeBound": null,
                        "redBound": null,
                        "resourceKindId": "resourceKind:id:3_::_",
                        "resourceKindName": "Virtual Machine",
                        "unit": "ms",
                        "yellowBound": null
                     },
                     {
                        "colorMethod": 1,
                        "id": "extModel8423-14",
                        "isStringMetric": false,
                        "metricKey": "storage|totalWriteLatency_average",
                        "metricName": "Storage|Write Latency",
                        "metricUnitId": "msec",
                        "orangeBound": null,
                        "redBound": null,
                        "resourceKindId": "resourceKind:id:3_::_",
                        "resourceKindName": "Virtual Machine",
                        "unit": "ms",
                        "yellowBound": null
                     }
                  ],
                  "resourceMetrics": [],
                  "subMode": "resourceKindAll"
               },
               "refreshContent": {"refreshContent": false},
               "refreshInterval": 300,
               "relationshipMode": {"relationshipMode": 0},
               "resInteractionMode": null,
               "resource": [],
               "selfProvider": {"selfProvider": false},
               "showMetricFullName": {"metricFullName": true},
               "title": "6. Important Metrics",
               "visualTheme": 2
            },
            "gridsterCoords": {
               "h": 6,
               "w": 3,
               "x": 10,
               "y": 18
            },
            "height": 324,
            "id": "722f4da9-9a2c-43d7-ac14-13df5c505020",
            "states": [{
               "key": "permMetricListDataGrid_metricGrid_widget_74e04c8e-04c3-4bfe-9a52-3079f3c71a39_722f4da9-9a2c-43d7-ac14-13df5c505020",
               "value": "o%3Acolumns%3Da%253Ao%25253Aid%25253Ds%2525253Ah1%25255Ehidden%25253Db%2525253A1%25255Ewidth%25253Dn%2525253A100%255Eo%25253Aid%25253Ds%2525253Ah2%255Eo%25253Aid%25253Ds%2525253Ah3%255Eo%25253Aid%25253Ds%2525253Ah4"
            }],
            "title": "6. Important Metrics",
            "type": "PropertyList"
         },
         {
            "collapsed": false,
            "config": {
               "impactedBadge": "",
               "refreshContent": {"refreshContent": true},
               "refreshInterval": 300,
               "relationshipMode": {"relationshipMode": [
                  -1,
                  0
               ]},
               "resource": null,
               "selfProvider": {"selfProvider": false},
               "title": "7. Top Alerts from the selected object",
               "topIssuesDisplayLimit": 5
            },
            "gridsterCoords": {
               "h": 6,
               "w": 4,
               "x": 1,
               "y": 24
            },
            "height": 324,
            "id": "551823f8-0986-49b7-ae93-e45928bcdae8",
            "title": "7. Top Alerts from the selected object",
            "type": "ProblemAlertsList"
         },
         {
            "collapsed": false,
            "config": {
               "refreshContent": {"refreshContent": false},
               "refreshInterval": 300,
               "title": "8. Individual Metric Picker - Dig Deeper"
            },
            "gridsterCoords": {
               "h": 6,
               "w": 4,
               "x": 5,
               "y": 24
            },
            "height": 324,
            "id": "bcbc1e4a-77a0-478f-b8d0-152a320e014f",
            "states": [
               {
                  "key": "permMetricPicker_widget_74e04c8e-04c3-4bfe-9a52-3079f3c71a39_bcbc1e4a-77a0-478f-b8d0-152a320e014f",
                  "value": "o%3Acolumns%3Da%253Ao%25253Aid%25253Ds%2525253Ah1"
               },
               {
                  "key": "permFetchCollectingMetrics_permMetricPicker_widget_74e04c8e-04c3-4bfe-9a52-3079f3c71a39_bcbc1e4a-77a0-478f-b8d0-152a320e014f",
                  "value": "b%3A0"
               },
               {
                  "key": "permFetchPropertyMetrics_permMetricPicker_widget_74e04c8e-04c3-4bfe-9a52-3079f3c71a39_bcbc1e4a-77a0-478f-b8d0-152a320e014f",
                  "value": "b%3A0"
               },
               {
                  "key": "permFetchCommonMetrics_permMetricPicker_widget_74e04c8e-04c3-4bfe-9a52-3079f3c71a39_bcbc1e4a-77a0-478f-b8d0-152a320e014f",
                  "value": "b%3A0"
               }
            ],
            "title": "8. Individual Metric Picker - Dig Deeper",
            "type": "MetricPicker"
         },
         {
            "collapsed": false,
            "config": {
               "customFilter": {
                  "excludedResources": null,
                  "filter": [],
                  "includedResources": null
               },
               "depth": 1,
               "metric": {
                  "mode": "resourceKind",
                  "resourceKindMetrics": [],
                  "resourceMetrics": [],
                  "subMode": "resourceKindAll"
               },
               "refreshContent": {"refreshContent": false},
               "refreshInterval": 300,
               "relationshipMode": {"relationshipMode": 0},
               "resInteractionMode": null,
               "resource": [],
               "selfProvider": {"selfProvider": false},
               "title": "9. Individual Metric Chart - Deeper Insight"
            },
            "gridsterCoords": {
               "h": 6,
               "w": 4,
               "x": 9,
               "y": 24
            },
            "height": 324,
            "id": "a5d161f0-1ba3-4d47-92f3-420b234ea9a1",
            "states": [
               {
                  "key": "permMetricChart_widget_74e04c8e-04c3-4bfe-9a52-3079f3c71a39_a5d161f0-1ba3-4d47-92f3-420b234ea9a1",
                  "value": "o%3A"
               },
               {
                  "key": "permDateRange1_permMetricChart_widget_74e04c8e-04c3-4bfe-9a52-3079f3c71a39_a5d161f0-1ba3-4d47-92f3-420b234ea9a1",
                  "value": "s%3A%7B%22dateRange%22%3A%22dashboardTime%22%2C%22dateFrom%22%3Anull%2C%22dateTo%22%3Anull%2C%22timeFrom%22%3Anull%2C%22timeTo%22%3Anull%7D"
               }
            ],
            "title": "9. Individual Metric Chart - Deeper Insight",
            "type": "MetricChart"
         }
      ]
   }],
   "entries": {"resourceKind": [
      {
         "adapterKindKey": "Container",
         "internalId": "resourceKind:id:0_::_",
         "resourceKindKey": "TKGI Group"
      },
      {
         "adapterKindKey": "Container",
         "internalId": "resourceKind:id:2_::_",
         "resourceKindKey": "NSX-T MGMT"
      },
      {
         "adapterKindKey": "VMWARE",
         "internalId": "resourceKind:id:3_::_",
         "resourceKindKey": "VirtualMachine"
      },
      {
         "adapterKindKey": "Container",
         "internalId": "resourceKind:id:1_::_",
         "resourceKindKey": "TKGI-MGMT"
      }
   ]},
   "uuid": "7068b7cb-530d-4f7e-a3db-779fc82d15ff"
}